year,station,avg_precipitation
2000,99999994992,0.001853825136612022
2000,99999994993,0.0025628415300546423
2000,99999994988,0.002611019736842102
2000,99999994991,0.0026439144736842093
2000,99999994989,0.0026967213114754075
2000,99999994994,0.004103825136612023
2001,99999994993,0.002417582417582416
2001,99999994988,0.002592719780219779
2001,99999994989,0.0029339318600368315
2001,99999994992,0.003636675824175824
2001,99999994994,0.004207875457875458
